{
    "topics": [
        {
            "name":"Introduction to System Design",
            "url":"Introduction-to-System-Design",
            "subtopics":[
                {
                "name": "Importance of system design",
                "url":"Importance-of-system-design",
                "content":"In today's digital world, system design has become an essential skill for software engineers and other professionals working in the tech industry. System design involves the process of designing, developing, and deploying a system that is capable of fulfilling a specific set of requirements. It is a complex process that requires a deep understanding of the system's architecture and its components."
           
                },
                {
                    "name":"Principles of good system design",
                    "url":"Principles-of-good-system-design",
                    "content":"Principles of good system design form the foundation for creating efficient, reliable, and scalable systems. These principles guide the design process, ensuring that the resulting system meets the needs of users and stakeholders while being maintainable and adaptable."
                  
                },
                {
                    "name":"System design process overview",
                    "url":"System-design-process-overview",
                    "content":"The system design process involves translating requirements into a well-structured system architecture. It begins with analyzing and understanding user needs and system requirements. Next, the system's high-level structure is defined, identifying key components and their interactions. Detailed design decisions are then made, including module interfaces, algorithms, data structures, and technologies."
                }
         ]    
        },
        {
            "name":"System Design Fundamentals",
            "url":"System-Design-Fundamentals",
            "subtopics":[
                {
                    "name":"Scalability",
                    "url":"Scalability",
                    "content":"Scalability in system design refers to the ability of a system to handle increasing workloads and growing demands efficiently. It involves designing a system in a way that allows for easy expansion, adaptation, and performance improvement as the user base or data volume grows. Scalable systems can accommodate higher traffic, handle more concurrent users, and process larger datasets without compromising performance or stability, ensuring the system can grow seamlessly to meet future needs."
                },
                {
                    "name":"Availability",
                    "url":"Availability",
                    "content":"System design is a critical phase in software development that focuses on creating a high-level architecture and defining the components, modules, and interactions of a system. It involves analyzing requirements, identifying constraints, and designing scalable and efficient solutions. System design encompasses various aspects such as database design, API design, system integration, performance optimization, and security considerations. A well-designed system ensures reliability, scalability, maintainability, and overall success of the software application or system."
                },
                {
                    "name":"Reliability",
                    "url":"Reliability",
                    "content":"The reliability of a system design refers to its ability to perform consistently and accurately over time, under various conditions. It encompasses factors such as fault tolerance, error handling, redundancy, and robustness. A reliable system design minimizes failures, ensures consistent operation, and can recover from errors or failures gracefully. By incorporating proper design principles, testing, and maintenance, a reliable system design aims to provide stable and dependable performance for users or stakeholders."
                },
                {
                    "name":"Performance",
                    "url":"Performance",
                    "content":"The performance of a system design refers to how well the design meets the required criteria in terms of speed, efficiency, scalability, reliability, and user experience. It involves optimizing various aspects such as response time, resource utilization, throughput, latency, and handling of peak loads. A well-performing system design ensures smooth and efficient operation, minimizes bottlenecks, and delivers a high-quality user experience even under demanding conditions. Continuous monitoring and optimization are essential to maintain optimal system performance."
                },
                {
                    "name":"Security",
                    "url":"Security",
                    "content":"System design security involves implementing measures to protect against unauthorized access, data breaches, and other potential threats. It includes practices such as secure authentication, encryption, access controls, and secure communication protocols. A secure system design should consider threat modeling, risk assessment, and implement robust security mechanisms at various layers, including network, application, and data. Regular security audits, vulnerability assessments, and staying updated with security best practices are essential to ensure the ongoing security of the system."
                },
                {
                    "name":"Maintainability",
                    "url":"Maintainability",
                    "content":"Maintainability of a system design refers to its ability to be easily understood, modified, and repaired over time. A maintainable system design follows best practices such as modularization, encapsulation, and separation of concerns. It has clear and well-documented code, follows coding standards, and utilizes design patterns. Maintainability reduces the effort required for maintenance tasks, improves team collaboration, and ensures the system can adapt to changing requirements and technologies, resulting in a more reliable and sustainable software solution."
                },
                {
                    "name":"Extensibility",
                    "url":"Extensibility",
                    "content":"System design should be designed with extensibility in mind to accommodate future changes and enhancements. By employing modular and loosely coupled components, following industry best practices, and adhering to design principles such as SOLID, the system can easily accommodate new features, technologies, and scaling requirements. Well-defined interfaces, abstraction layers, and clear separation of concerns enable the system to be extended or modified without disrupting existing functionality, ensuring long-term viability and maintainability."
                },
                {
                    "name":"Modularity",
                    "url":"Modularity",
                    "content":"Modularity in system design refers to the practice of breaking down a complex system into smaller, independent, and reusable modules. Each module focuses on a specific functionality or component, allowing for easier development, testing, and maintenance. Modularity promotes code organization, reusability, and scalability. It enables teams to work on different modules simultaneously, enhances code comprehension, facilitates debugging, and simplifies system updates. Additionally, modularity allows for better system flexibility, as modules can be added, removed, or replaced without affecting the entire system."

                }
        ]
        },
        {
            "name":"Architectural Patterns",
            "url":"Architectural-Patterns",
            "subtopics":[
                {
                    "name":"Monolithic Architecture",
                    "url":"Monolithic-Architecture",
                    "content":"Monolithic architecture is a traditional architectural pattern in system design where an application is built as a single, unified unit. In this pattern, all components, such as the user interface, business logic, and data access layer, are tightly coupled and deployed together. Monolithic architectures are known for their simplicity but can pose challenges in terms of scalability and maintenance. They are often contrasted with microservices architecture, which promotes modularization and independent deployment of individual components."
                },
                {
                    "name":"Client-Server Architecture",
                    "url":"Client-Server-Architecture",
                    "content":"Client-Server architecture is a widely used architectural pattern in system design. It involves a client, which requests services or resources, and a server, which provides those services or resources. The client and server communicate over a network, typically using protocols such as HTTP. The client is responsible for user interface and user interactions, while the server handles data storage, processing, and business logic. This pattern enables scalability, separation of concerns, and facilitates distributed computing."
                },
                {
                    "name":"Microservices Architecture",
                    "url":"Microservices-Architecture",
                    "content":"Microservices architecture is an architectural pattern that structures an application as a collection of small, loosely coupled, and independently deployable services. Each service focuses on a specific business capability and communicates with others via well-defined APIs. This pattern promotes scalability, flexibility, and resilience in large systems. Services can be developed, deployed, and scaled independently, allowing for efficient team collaboration and technology diversity. Microservices architecture enables faster development, easier maintenance, and improved fault isolation, making it suitable for complex and evolving systems."
                },
                {
                    "name":"Event-Driven Architecture",
                    "url":"Event-Driven-Architecture",
                    "content":"Event-Driven Architecture (EDA) is an architectural pattern that emphasizes the flow of events within a system. It promotes loose coupling and scalability by using events as the primary means of communication between components. Events are generated and consumed by different components asynchronously, allowing for decoupled and flexible systems. EDA enables real-time processing, event sourcing, and event-driven microservices, facilitating the development of responsive and resilient systems."
                },
                {
                    "name":"Service-Oriented Architecture",
                    "url":"Service-Oriented-Architecture",
                    "content":"Service-Oriented Architecture (SOA) is an architectural pattern that structures a system into loosely coupled, reusable, and independent services. Each service represents a specific business functionality and can communicate with other services through standardized protocols. This approach promotes modularity, scalability, and flexibility by enabling services to be developed, deployed, and maintained independently. SOA facilitates the integration of heterogeneous systems and supports distributed computing environments, allowing organizations to build complex systems by composing and orchestrating multiple services."
                },
                {
                    "name":"Layered Architecture",
                    "url":"Layered-Architecture",
                    "content":"Layered architecture is a common architectural pattern in system design. It organizes the system into multiple layers, where each layer has a specific responsibility. The layers are stacked hierarchically, with each layer depending only on the layer directly below it. This pattern promotes separation of concerns and modular design. Common layers include presentation, business logic, and data access layers. Layered architecture helps improve scalability, maintainability, and testability of the system by providing clear boundaries and encapsulation."
                },
                {
                    "name":"Event Sourcing and CQRS",
                    "url":"Event-Sourcing-and-CQRS",
                    "content":"Event Sourcing is an architectural pattern where changes to the application's state are captured as a sequence of events. It provides a historical log of events that can be replayed to reconstruct the current state. CQRS (Command Query Responsibility Segregation) separates the read and write operations into separate models, allowing independent scalability and optimization. Together, these patterns enable system designs that are highly scalable, resilient, and provide auditability and flexibility in handling complex business processes."
                },
                {
                    "name":"Peer-to-Peer Architecture",
                    "url":"Peer-to-Peer-Architecture",
                    "content":"Peer-to-peer architecture is an architectural pattern where nodes in a network act both as clients and servers, sharing resources and responsibilities. Each node can initiate communication and provide services to other nodes, eliminating the need for a central server. It promotes decentralization, fault tolerance, and scalability. Nodes communicate directly with each other, enabling efficient data sharing and distribution. Examples include file-sharing systems like BitTorrent and blockchain networks like Bitcoin."
                },
                {
                    "name":"Serverless Architecture",
                    "url":"Serverless-Architecture",
                    "content":"Serverless architecture is an architectural pattern in system design that allows developers to build and run applications without managing servers. It leverages cloud services, such as AWS Lambda or Azure Functions, to execute code on demand, scaling automatically based on workload. With serverless architecture, developers focus on writing code and defining functions, while the cloud provider handles infrastructure management, scaling, and resource provisioning. This pattern promotes scalability, cost efficiency, and simplified deployment and maintenance of applications."
                }
            ]
        }
    ]
}