{
  "Introduction-to-System-Design" : {

    "Importance-of-system-design" : "In today's digital world, system design has become an essential skill for software engineers and other professionals working in the tech industry. System design involves the process of designing, developing, and deploying a system that is capable of fulfilling a specific set of requirements. It is a complex process that requires a deep understanding of the system's architecture and its components.",
    "Principles-of-good-system-design" :"Principles of good system design form the foundation for creating efficient, reliable, and scalable systems. These principles guide the design process, ensuring that the resulting system meets the needs of users and stakeholders while being maintainable and adaptable.",
    "System-design-process-overview" : "The system design process involves translating requirements into a well-structured system architecture. It begins with analyzing and understanding user needs and system requirements. Next, the system's high-level structure is defined, identifying key components and their interactions. Detailed design decisions are then made, including module interfaces, algorithms, data structures, and technologies."
  },
  "System-Design-Fundamentals" :{
    "Scalability" : "Scalability <br/> in system design refers to the ability of a system to handle increasing workloads and growing demands efficiently. It involves designing a system in a way that allows for easy expansion, adaptation, and performance improvement as the user base or data volume grows. Scalable systems can accommodate higher traffic, handle more concurrent users, and process larger datasets without compromising performance or stability, ensuring the system can grow seamlessly to meet future needs.",
    "Availability" : "System design is a critical phase in software development that focuses on creating a high-level architecture and defining the components, modules, and interactions of a system. It involves analyzing requirements, identifying constraints, and designing scalable and efficient solutions. System design encompasses various aspects such as database design, API design, system integration, performance optimization, and security considerations. A well-designed system ensures reliability, scalability, maintainability, and overall success of the software application or system.",
    "Reliability" : "The reliability of a system design refers to its ability to perform consistently and accurately over time, under various conditions. It encompasses factors such as fault tolerance, error handling, redundancy, and robustness. A reliable system design minimizes failures, ensures consistent operation, and can recover from errors or failures gracefully. By incorporating proper design principles, testing, and maintenance, a reliable system design aims to provide stable and dependable performance for users or stakeholders."

  }
}